{
  "run_name": "20260411_193943_partial_lv_lv_guided_stochastic_refined",
  "run_dir": "runs/20260411_193943_partial_lv_lv_guided_stochastic_refined",
  "readme_path": "runs/20260411_193943_partial_lv_lv_guided_stochastic_refined/README.md",
  "split_info": {
    "total_steps": 820,
    "train_steps": 492,
    "val_steps": 164,
    "test_steps": 164,
    "train_range": [
      0,
      492
    ],
    "val_range": [
      492,
      656
    ],
    "test_range": [
      656,
      820
    ]
  },
  "data_regime_assessment": {
    "too_flat": false,
    "too_periodic": false,
    "moderate_complexity": true,
    "label": "moderate_complexity"
  },
  "tested_noise_configs": [
    {
      "training_input_noise": 0.005,
      "training_rollout_noise": 0.01,
      "training_latent_perturb": 0.01,
      "validation_score": 0.4376999144814908,
      "visible_rmse": 0.5141943693161011,
      "full_context_visible_rmse": 0.6420128345489502,
      "amplitude_collapse": 0.7127909064292908,
      "hidden_rmse": 0.23910443484783173,
      "hidden_environment_correlation": 0.04057424142956734,
      "residual_dominates_fraction": 0.0,
      "lv_residual_ratio_mean": 0.6797681450843811,
      "visible_residual_dominates_fraction": 0.0015432098880410194,
      "visible_lv_residual_ratio_mean": 0.6834780772527059,
      "best_epoch": 4
    },
    {
      "training_input_noise": 0.005,
      "training_rollout_noise": 0.01,
      "training_latent_perturb": 0.02,
      "validation_score": 0.5656081631779671,
      "visible_rmse": 0.4829264283180237,
      "full_context_visible_rmse": 0.5286712646484375,
      "amplitude_collapse": 0.6908243894577026,
      "hidden_rmse": 0.18390211462974548,
      "hidden_environment_correlation": -0.47718968987464905,
      "residual_dominates_fraction": 0.16615226864814758,
      "lv_residual_ratio_mean": 0.9005203644434611,
      "visible_residual_dominates_fraction": 0.23156721889972687,
      "visible_lv_residual_ratio_mean": 0.9207243323326111,
      "best_epoch": 3
    },
    {
      "training_input_noise": 0.01,
      "training_rollout_noise": 0.01,
      "training_latent_perturb": 0.01,
      "validation_score": 0.5453214988609156,
      "visible_rmse": 0.49837714433670044,
      "full_context_visible_rmse": 0.5566892623901367,
      "amplitude_collapse": 0.6435197591781616,
      "hidden_rmse": 0.19179750978946686,
      "hidden_environment_correlation": 0.04803847149014473,
      "residual_dominates_fraction": 0.44945988059043884,
      "lv_residual_ratio_mean": 0.9835948546727499,
      "visible_residual_dominates_fraction": 0.4627914826075236,
      "visible_lv_residual_ratio_mean": 0.9895789424578348,
      "best_epoch": 3
    },
    {
      "training_input_noise": 0.01,
      "training_rollout_noise": 0.01,
      "training_latent_perturb": 0.02,
      "validation_score": 0.43347025570770115,
      "visible_rmse": 0.5101796388626099,
      "full_context_visible_rmse": 0.6270718574523926,
      "amplitude_collapse": 0.6769281029701233,
      "hidden_rmse": 0.20199431478977203,
      "hidden_environment_correlation": -0.10412786155939102,
      "residual_dominates_fraction": 0.028120712687571842,
      "lv_residual_ratio_mean": 0.767945925394694,
      "visible_residual_dominates_fraction": 0.04093792910377184,
      "visible_lv_residual_ratio_mean": 0.7732681433359782,
      "best_epoch": 4
    },
    {
      "training_input_noise": 0.005,
      "training_rollout_noise": 0.02,
      "training_latent_perturb": 0.01,
      "validation_score": 0.5551030170917512,
      "visible_rmse": 0.49321016669273376,
      "full_context_visible_rmse": 0.5544777512550354,
      "amplitude_collapse": 0.6958720088005066,
      "hidden_rmse": 0.2202751487493515,
      "hidden_environment_correlation": 0.24697622656822205,
      "residual_dominates_fraction": 0.22367970645427704,
      "lv_residual_ratio_mean": 0.9348547259966532,
      "visible_residual_dominates_fraction": 0.23761145770549774,
      "visible_lv_residual_ratio_mean": 0.9393546978632609,
      "best_epoch": 2
    },
    {
      "training_input_noise": 0.005,
      "training_rollout_noise": 0.02,
      "training_latent_perturb": 0.02,
      "validation_score": 0.5197717966636023,
      "visible_rmse": 0.4978328347206116,
      "full_context_visible_rmse": 0.5825424790382385,
      "amplitude_collapse": 0.6697487831115723,
      "hidden_rmse": 0.16258983314037323,
      "hidden_environment_correlation": 0.09345047175884247,
      "residual_dominates_fraction": 0.09670781840880711,
      "lv_residual_ratio_mean": 0.871962328751882,
      "visible_residual_dominates_fraction": 0.12024177114168803,
      "visible_lv_residual_ratio_mean": 0.8807029922803243,
      "best_epoch": 3
    },
    {
      "training_input_noise": 0.01,
      "training_rollout_noise": 0.02,
      "training_latent_perturb": 0.01,
      "validation_score": 0.5384749007970094,
      "visible_rmse": 0.490995854139328,
      "full_context_visible_rmse": 0.5085758566856384,
      "amplitude_collapse": 0.7555833458900452,
      "hidden_rmse": 0.23036111891269684,
      "hidden_environment_correlation": 0.027658922597765923,
      "residual_dominates_fraction": 0.305426965157191,
      "lv_residual_ratio_mean": 0.9604675769805908,
      "visible_residual_dominates_fraction": 0.3271176318327586,
      "visible_lv_residual_ratio_mean": 0.9660454789797465,
      "best_epoch": 2
    },
    {
      "training_input_noise": 0.01,
      "training_rollout_noise": 0.02,
      "training_latent_perturb": 0.02,
      "validation_score": 0.5386486702164014,
      "visible_rmse": 0.4973594546318054,
      "full_context_visible_rmse": 0.5686739683151245,
      "amplitude_collapse": 0.6693997383117676,
      "hidden_rmse": 0.2089734971523285,
      "hidden_environment_correlation": 0.26482701301574707,
      "residual_dominates_fraction": 0.052426268657048546,
      "lv_residual_ratio_mean": 0.8287772734959921,
      "visible_residual_dominates_fraction": 0.06738683084646861,
      "visible_lv_residual_ratio_mean": 0.8364466627438863,
      "best_epoch": 3
    },
    {
      "training_input_noise": 0.005,
      "training_rollout_noise": 0.05,
      "training_latent_perturb": 0.01,
      "validation_score": 0.5186041370717188,
      "visible_rmse": 0.5048490166664124,
      "full_context_visible_rmse": 0.6183943748474121,
      "amplitude_collapse": 0.6736936569213867,
      "hidden_rmse": 0.19404515624046326,
      "hidden_environment_correlation": 0.02479187212884426,
      "residual_dominates_fraction": 0.027091907647748787,
      "lv_residual_ratio_mean": 0.7886068820953369,
      "visible_residual_dominates_fraction": 0.03639403327057759,
      "visible_lv_residual_ratio_mean": 0.7951367696126302,
      "best_epoch": 3
    },
    {
      "training_input_noise": 0.005,
      "training_rollout_noise": 0.05,
      "training_latent_perturb": 0.02,
      "validation_score": 0.5428465415040653,
      "visible_rmse": 0.5116639137268066,
      "full_context_visible_rmse": 0.5882269740104675,
      "amplitude_collapse": 0.6503863334655762,
      "hidden_rmse": 0.21044735610485077,
      "hidden_environment_correlation": 0.1201360821723938,
      "residual_dominates_fraction": 0.17566872636477152,
      "lv_residual_ratio_mean": 0.876618504524231,
      "visible_residual_dominates_fraction": 0.2533864875634511,
      "visible_lv_residual_ratio_mean": 0.8963754574457804,
      "best_epoch": 3
    },
    {
      "training_input_noise": 0.01,
      "training_rollout_noise": 0.05,
      "training_latent_perturb": 0.01,
      "validation_score": 0.41531816540906824,
      "visible_rmse": 0.49534016847610474,
      "full_context_visible_rmse": 0.5806880593299866,
      "amplitude_collapse": 0.7198161482810974,
      "hidden_rmse": 0.21152879297733307,
      "hidden_environment_correlation": 0.020983336493372917,
      "residual_dominates_fraction": 0.007330247123415272,
      "lv_residual_ratio_mean": 0.7702478170394897,