{
  "eval_only": [
    {
      "seed": 42.0,
      "pearson": 0.12739887579423947,
      "val_recon": 0.19948944449424744
    }
  ],
  "random": [
    {
      "seed": 42.0,
      "pearson": 0.10681335848363964,
      "val_recon": 0.23664073646068573
    }
  ]
}