{
  "summary": {
    "K1": {
      "LV": {
        "pearson": {
          "n": 5,
          "mean": 0.8053116516592354,
          "std": 0.07469253371323394,
          "ci_lo": 0.7125686216128917,
          "ci_hi": 0.898054681705579,
          "max": 0.8733746667526969,
          "min": 0.7156691467176319
        },
        "d_ratio": {
          "n": 5,
          "mean": 5.2317908663503285,
          "std": 4.168725700384704,
          "ci_lo": 0.05563424579585963,
          "ci_hi": 10.407947486904797,
          "max": 11.647973643881816,
          "min": 1.270876607715791
        },
        "mean_pi_entropy": 0.0
      },
      "Holling": {
        "pearson": {
          "n": 5,
          "mean": 0.6585032342975481,
          "std": 0.2314422304185019,
          "ci_lo": 0.37112974912291363,
          "ci_hi": 0.9458767194721825,
          "max": 0.8487149622930523,
          "min": 0.27821423420054237
        },
        "d_ratio": {
          "n": 5,
          "mean": 11.233179967143133,
          "std": 12.597035798977258,
          "ci_lo": -4.408105868530946,
          "ci_hi": 26.874465802817213,
          "max": 31.03339627886169,
          "min": 2.4026427775921713
        },
        "mean_pi_entropy": 0.0
      },
      "Portal": {
        "pearson": {
          "n": 5,
          "mean": 0.13906212305734839,
          "std": 0.13708756880567316,
          "ci_lo": -0.031154575729937684,
          "ci_hi": 0.30927882184463446,
          "max": 0.3036207993926159,
          "min": 0.01753303626442525
        },
        "d_ratio": {
          "n": 5,
          "mean": 1.0214800940439428,
          "std": 0.023523816280421682,
          "ci_lo": 0.9922714182681835,
          "ci_hi": 1.050688769819702,
          "max": 1.0567161497414894,
          "min": 0.999984557022125
        },
        "mean_pi_entropy": 0.0
      }
    },
    "K2": {
      "LV": {
        "pearson": {
          "n": 5,
          "mean": 0.711789939973275,
          "std": 0.24295595828721453,
          "ci_lo": 0.4101202734189447,
          "ci_hi": 1.0134596065276054,
          "max": 0.9070850504828561,
          "min": 0.3176183878117985
        },
        "d_ratio": {
          "n": 5,
          "mean": 4.523047259644986,
          "std": 4.867898819136803,
          "ci_lo": -1.5212474509758094,
          "ci_hi": 10.567341970265783,
          "max": 13.188046353610067,
          "min": 1.7741286955685955
        },
        "mean_pi_entropy": 0.6924902677536011
      },
      "Holling": {
        "pearson": {
          "n": 5,
          "mean": 0.7145088789376581,
          "std": 0.20766216170377108,
          "ci_lo": 0.4566622489609166,
          "ci_hi": 0.9723555089143996,
          "max": 0.9520999444086492,
          "min": 0.49900791893037233
        },
        "d_ratio": {
          "n": 5,
          "mean": 13.285987514512112,
          "std": 8.390785684562614,
          "ci_lo": 2.867451013347168,
          "ci_hi": 23.704524015677055,
          "max": 24.988966527927644,
          "min": 4.103332234781838
        },
        "mean_pi_entropy": 0.6925851225852966
      },
      "Portal": {
        "pearson": {
          "n": 5,
          "mean": 0.10650868061512479,
          "std": 0.07459776280792794,
          "ci_lo": 0.013883324189976745,
          "ci_hi": 0.19913403704027283,
          "max": 0.21189659741548353,
          "min": 0.030292950238863057
        },
        "d_ratio": {
          "n": 5,
          "mean": 1.0260306381913153,
          "std": 0.02930458887750432,
          "ci_lo": 0.9896441851999557,
          "ci_hi": 1.062417091182675,
          "max": 1.0665044435222224,
          "min": 1.00005123820144
        },
        "mean_pi_entropy": 0.69279705286026
      }
    },
    "K3": {
      "LV": {
        "pearson": {
          "n": 5,
          "mean": 0.9008581034723067,
          "std": 0.02750001687752891,
          "ci_lo": 0.866712322565483,
          "ci_hi": 0.9350038843791303,
          "max": 0.9355849312647992,
          "min": 0.8600151668414718
        },
        "d_ratio": {
          "n": 5,
          "mean": 6.719373541659172,
          "std": 4.401080441660712,
          "ci_lo": 1.2547104040503338,
          "ci_hi": 12.18403667926801,
          "max": 10.644829119002752,
          "min": 1.4898136892719867
        },
        "mean_pi_entropy": 1.097777247428894
      },
      "Holling": {
        "pearson": {
          "n": 5,
          "mean": 0.8141777583674841,
          "std": 0.06198906355659845,
          "ci_lo": 0.7372081698668906,
          "ci_hi": 0.8911473468680775,
          "max": 0.8955430621081941,
          "min": 0.7221341360050328
        },
        "d_ratio": {
          "n": 5,
          "mean": 16.039557277137963,
          "std": 9.388319352041268,
          "ci_lo": 4.382419134068607,
          "ci_hi": 27.69669542020732,
          "max": 26.76122739347446,
          "min": 2.340482787082879
        },
        "mean_pi_entropy": 1.0977001428604125
      },
      "Portal": {
        "pearson": {
          "n": 5,
          "mean": 0.025842658722229784,
          "std": 0.029845804842752083,
          "ci_lo": -0.011215802648431108,
          "ci_hi": 0.06290112009289067,
          "max": 0.07738360504808017,
          "min": 0.0020448349574811783
        },
        "d_ratio": {
          "n": 5,
          "mean": 1.0000883047597733,
          "std": 0.00013375130588679453,
          "ci_lo": 0.9999222305785409,
          "ci_hi": 1.0002543789410057,
          "max": 1.0003006045075034,
          "min": 0.9999855300591708
        },
        "mean_pi_entropy": 1.0983295679092406
      }
    }
  },
  "raw": {
    "K1": {
      "LV": [
        {
          "seed": 42.0,
          "pearson": 0.7156691467176319,
          "val_recon": 0.019893109798431396,
          "d_ratio": 6.76554749742078,
          "final_pi_entropy": 0.0
        },
        {
          "seed": 123.0,
          "pearson": 0.7344136806413123,
          "val_recon": 0.011012792587280273,
          "d_ratio": 1.270876607715791,
          "final_pi_entropy": 0.0
        },
        {
          "seed": 456.0,
          "pearson": 0.8733746667526969,
          "val_recon": 0.015316185541450977,
          "d_ratio": 2.1537003213162693,
          "final_pi_entropy": 0.0
        },
        {
          "seed": 789.0,
          "pearson": 0.8384167806133014,
          "val_recon": 0.012361635453999043,
          "d_ratio": 4.320856261416989,
          "final_pi_entropy": 0.0
        },
        {
          "seed": 2024.0,
          "pearson": 0.8646839835712344,
          "val_recon": 0.019200844690203667,
          "d_ratio": 11.647973643881816,
          "final_pi_entropy": 0.0
        }
      ],
      "Holling": [
        {
          "seed": 42.0,
          "pearson": 0.7366702719738043,
          "val_recon": 0.08668456971645355,
          "d_ratio": 31.03339627886169,
          "final_pi_entropy": 0.0
        },
        {
          "seed": 123.0,
          "pearson": 0.27821423420054237,
          "val_recon": 0.046676598489284515,
          "d_ratio": 16.678266029005922,
          "final_pi_entropy": 0.0
        },
        {
          "seed": 456.0,
          "pearson": 0.8487149622930523,
          "val_recon": 0.04907658323645592,
          "d_ratio": 2.4026427775921713,
          "final_pi_entropy": 0.0
        },
        {
          "seed": 789.0,
          "pearson": 0.8171466248399664,
          "val_recon": 0.03960749879479408,
          "d_ratio": 3.439965451788717,
          "final_pi_entropy": 0.0
        },
        {
          "seed": 2024.0,
          "pearson": 0.6117700781803752,
          "val_recon": 0.044186048209667206,
          "d_ratio": 2.611629298467173,
          "final_pi_entropy": 0.0
        }
      ],
      "Portal": [
        {
          "seed": 42.0,
          "pearson": 0.03281528331360667,
          "val_recon": 0.14300909638404846,
          "d_ratio": 0.999984557022125,