{
  "summary": {
    "uniform": {
      "LV": {
        "pearson": {
          "n": 5,
          "mean": 0.8053116516592354,
          "std": 0.07469253371323394,
          "ci_lo": 0.7125686216128917,
          "ci_hi": 0.898054681705579,
          "max": 0.8733746667526969,
          "min": 0.7156691467176319
        },
        "d_ratio": {
          "n": 5,
          "mean": 5.2317908663503285,
          "std": 4.168725700384704,
          "ci_lo": 0.05563424579585963,
          "ci_hi": 10.407947486904797,
          "max": 11.647973643881816,
          "min": 1.270876607715791
        }
      },
      "Holling": {
        "pearson": {
          "n": 5,
          "mean": 0.6585032342975481,
          "std": 0.2314422304185019,
          "ci_lo": 0.37112974912291363,
          "ci_hi": 0.9458767194721825,
          "max": 0.8487149622930523,
          "min": 0.27821423420054237
        },
        "d_ratio": {
          "n": 5,
          "mean": 11.233179967143133,
          "std": 12.597035798977258,
          "ci_lo": -4.408105868530946,
          "ci_hi": 26.874465802817213,
          "max": 31.03339627886169,
          "min": 2.4026427775921713
        }
      },
      "Portal": {
        "pearson": {
          "n": 5,
          "mean": 0.13906212305734839,
          "std": 0.13708756880567316,
          "ci_lo": -0.031154575729937684,
          "ci_hi": 0.30927882184463446,
          "max": 0.3036207993926159,
          "min": 0.01753303626442525
        },
        "d_ratio": {
          "n": 5,
          "mean": 1.0214800940439428,
          "std": 0.023523816280421682,
          "ci_lo": 0.9922714182681835,
          "ci_hi": 1.050688769819702,
          "max": 1.0567161497414894,
          "min": 0.999984557022125
        }
      }
    },
    "event_a1": {
      "LV": {
        "pearson": {
          "n": 5,
          "mean": 0.7918429005378276,
          "std": 0.13738518637948965,
          "ci_lo": 0.6212566607239008,
          "ci_hi": 0.9624291403517543,
          "max": 0.8915971928574111,
          "min": 0.5592819141012565
        },
        "d_ratio": {
          "n": 5,
          "mean": 5.184706201832492,
          "std": 4.205159911805681,
          "ci_lo": -0.03668946734634737,
          "ci_hi": 10.406101871011332,
          "max": 11.670126546514698,
          "min": 1.3975432519508613
        }
      },
      "Holling": {
        "pearson": {
          "n": 5,
          "mean": 0.6739409654917055,
          "std": 0.22736569719780372,
          "ci_lo": 0.39162916485469357,
          "ci_hi": 0.9562527661287173,
          "max": 0.8583490356025008,
          "min": 0.2823491359347163
        },
        "d_ratio": {
          "n": 5,
          "mean": 11.810800885961735,
          "std": 12.321242033295924,
          "ci_lo": -3.488041759936788,
          "ci_hi": 27.109643531860257,
          "max": 29.935457796636406,
          "min": 2.2671486846914193
        }
      },
      "Portal": {
        "pearson": {
          "n": 5,
          "mean": 0.19176859393974732,
          "std": 0.11646533990977882,
          "ci_lo": 0.04715777433521065,
          "ci_hi": 0.336379413544284,
          "max": 0.3507843296752088,
          "min": 0.023711995375271185
        },
        "d_ratio": {
          "n": 5,
          "mean": 1.0198522455329244,
          "std": 0.019270466300002474,
          "ci_lo": 0.9959248012996124,
          "ci_hi": 1.0437796897662364,
          "max": 1.0414087615431102,
          "min": 0.9962519377460385
        }
      }
    },
    "event_a2": {
      "LV": {
        "pearson": {
          "n": 5,
          "mean": 0.8582683948281222,
          "std": 0.07537349614410196,
          "ci_lo": 0.7646798382472404,
          "ci_hi": 0.9518569514090041,
          "max": 0.914205194245898,
          "min": 0.7333085325013916
        },
        "d_ratio": {
          "n": 5,
          "mean": 5.054994791710881,
          "std": 4.986647690469769,
          "ci_lo": -1.1367461172713913,
          "ci_hi": 11.246735700693153,
          "max": 13.073035402834048,
          "min": 1.2564614642989667
        }
      },
      "Holling": {
        "pearson": {
          "n": 5,
          "mean": 0.6696600863621122,
          "std": 0.22687951091451963,
          "ci_lo": 0.3879519657294746,
          "ci_hi": 0.9513682069947498,
          "max": 0.8728502053105083,
          "min": 0.282706723258249
        },
        "d_ratio": {
          "n": 5,
          "mean": 11.803152359680997,
          "std": 12.298026570591235,
          "ci_lo": -3.4668644819754704,
          "ci_hi": 27.073169201337464,
          "max": 29.180879457449137,
          "min": 1.8615085559707834
        }
      },
      "Portal": {
        "pearson": {
          "n": 5,
          "mean": 0.09593960635769819,
          "std": 0.052618381946803336,
          "ci_lo": 0.030605255850617477,
          "ci_hi": 0.1612739568647789,
          "max": 0.16628470295001604,
          "min": 0.04326758142350268
        },
        "d_ratio": {
          "n": 5,
          "mean": 1.0990274182088655,
          "std": 0.12338289054622138,
          "ci_lo": 0.9458273250233066,
          "ci_hi": 1.2522275113944246,
          "max": 1.297688057940424,
          "min": 0.9875799193335529
        }
      }
    }
  },
  "raw": {
    "uniform": {
      "LV": [
        {
          "seed": 42,
          "pearson": 0.7156691467176319,
          "val_recon": 0.019893109798431396,
          "d_ratio": 6.76554749742078
        },
        {
          "seed": 123,
          "pearson": 0.7344136806413123,
          "val_recon": 0.011012792587280273,
          "d_ratio": 1.270876607715791
        },
        {
          "seed": 456,
          "pearson": 0.8733746667526969,
          "val_recon": 0.015316185541450977,
          "d_ratio": 2.1537003213162693
        },
        {
          "seed": 789,
          "pearson": 0.8384167806133014,
          "val_recon": 0.012361635453999043,
          "d_ratio": 4.320856261416989
        },
        {
          "seed": 2024,
          "pearson": 0.8646839835712344,
          "val_recon": 0.019200844690203667,
          "d_ratio": 11.647973643881816
        }
      ],
      "Holling": [
        {
          "seed": 42,
          "pearson": 0.7366702719738043,
          "val_recon": 0.08668456971645355,
          "d_ratio": 31.03339627886169
        },
        {
          "seed": 123,
          "pearson": 0.27821423420054237,
          "val_recon": 0.046676598489284515,
          "d_ratio": 16.678266029005922
        },
        {
          "seed": 456,
          "pearson": 0.8487149622930523,
          "val_recon": 0.04907658323645592,
          "d_ratio": 2.4026427775921713
        },
        {
          "seed": 789,
          "pearson": 0.8171466248399664,
          "val_recon": 0.03960749879479408,
          "d_ratio": 3.439965451788717
        },
        {
          "seed": 2024,
          "pearson": 0.6117700781803752,
          "val_recon": 0.044186048209667206,
          "d_ratio": 2.611629298467173
        }
      ],
      "Portal": [
        {
          "seed": 42,
          "pearson": 0.03281528331360667,
          "val_recon": 0.14300909638404846,
          "d_ratio": 0.999984557022125
        },
        {
          "seed": 123,
          "pearson": 0.07057947013339054,
          "val_recon": 0.14403259754180908,
          "d_ratio": 1.0325351660056443
        },
        {
          "seed": 456,
          "pearson": 0.2707620261827035,
          "val_recon": 0.14204242825508118,
          "d_ratio": 1.0567161497414894
        },
        {
          "seed": 789,
          "pearson": 0.01753303626442525,
          "val_recon": 0.14447660744190216,
          "d_ratio": 1.002749182470363
        },
        {
          "seed": 2024,
          "pearson": 0.3036207993926159,
          "val_recon": 0.14174823462963104,
          "d_ratio": 1.0154154149800918
        }
      ]
    },