{
  "summary": {
    "hard": {
      "pearson": {
        "n": 1,
        "mean": 0.2086887173152442,
        "std": 0.0,
        "max": 0.2086887173152442,
        "min": 0.2086887173152442
      },
      "d_ratio": {
        "n": 1,
        "mean": 1.0491927727295112,
        "std": 0.0,
        "max": 1.0491927727295112,
        "min": 1.0491927727295112
      }
    },
    "anneal_late": {
      "pearson": {
        "n": 1,
        "mean": 0.1901574998738184,
        "std": 0.0,
        "max": 0.1901574998738184,
        "min": 0.1901574998738184
      },
      "d_ratio": {
        "n": 1,
        "mean": 1.018036035691654,
        "std": 0.0,
        "max": 1.018036035691654,
        "min": 1.018036035691654
      }
    }
  },
  "raw": {
    "hard": [
      {
        "seed": 42.0,
        "pearson": 0.2086887173152442,
        "d_ratio": 1.0491927727295112,
        "final_alpha": 1.0,
        "val_recon": 2.610861301422119
      }
    ],
    "anneal_late": [
      {
        "seed": 42.0,
        "pearson": 0.1901574998738184,
        "d_ratio": 1.018036035691654,
        "final_alpha": 0.0,
        "val_recon": 2.627664566040039
      }
    ]
  }
}