{
  "L1only_K3__portal": {
    "mean_p": 0.17978239621145936,
    "max_p": 0.2640932595061928,
    "std_p": 0.0633185937669905,
    "rho_val": 0.0,
    "mean_d_ratio": 1.2257174290360848,
    "mean_hf": 0.8108707785606384,
    "pearsons": [
      0.2640932595061928,
      0.12954898894132558,
      0.09392646775882066,
      0.17649322299555734,
      0.23485004185540045
    ],
    "val_recons": [
      0.1373709738254547,
      0.1227516308426857,
      0.13459664583206177,
      0.12000573426485062,
      0.1101488471031189
    ],
    "d_ratios": [
      1.0206744868512465,
      1.2783021286488225,
      1.001003083112933,
      1.2354792179372522,
      1.593128228630169
    ],
    "hf_fracs": [
      0.5960499048233032,
      0.8212029933929443,
      0.9105044603347778,
      0.8219690322875977,
      0.9046275019645691
    ]
  },
  "L1only_K3__lv": {
    "mean_p": 0.7321331045129023,
    "max_p": 0.7922813374204483,
    "std_p": 0.0364476043642911,
    "rho_val": -0.09999999999999999,
    "mean_d_ratio": 3.2238691253195233,
    "mean_hf": 0.9427005648612976,
    "pearsons": [
      0.7922813374204483,
      0.7177437262576075,
      0.6974982655629688,
      0.7544622355704051,
      0.698679957753081
    ],
    "val_recons": [
      0.029842941090464592,
      0.030864669010043144,
      0.02717008627951145,
      0.026391617953777313,
      0.029864199459552765
    ],
    "d_ratios": [
      1.3478873209480808,
      1.7217673104068791,
      4.423110471084048,
      4.871953284874896,
      3.7546272392837126
    ],
    "hf_fracs": [
      0.9448426961898804,
      0.945434033870697,
      0.9443524479866028,
      0.945710301399231,
      0.9331633448600769
    ]
  },
  "L1_weakL3_K3__portal": {
    "mean_p": 0.1326862551932675,
    "max_p": 0.25107876808703844,
    "std_p": 0.07773507027380044,
    "rho_val": 0.09999999999999999,
    "mean_d_ratio": 1.1172825977067116,
    "mean_hf": 0.5907079815864563,
    "pearsons": [
      0.25107876808703844,
      0.04063778623115578,
      0.09422640698387649,
      0.083194892153126,
      0.19429342251114062
    ],
    "val_recons": [
      0.13437582552433014,
      0.13424405455589294,
      0.13459578156471252,
      0.12467686086893082,
      0.11242053657770157
    ],
    "d_ratios": [
      1.0429641370276441,
      1.001711405782845,
      1.001011839642298,
      1.1135598881281044,
      1.4271657179526662
    ],
    "hf_fracs": [
      0.4854692220687866,
      0.7888398766517639,
      0.7880882024765015,
      0.4322681427001953,
      0.4588744640350342
    ]
  },
  "L1_weakL3_K3__lv": {
    "mean_p": 0.6988180279956039,
    "max_p": 0.7727726196758428,
    "std_p": 0.04470855728888508,
    "rho_val": 0.09999999999999999,
    "mean_d_ratio": 1.9129736014949614,
    "mean_hf": 0.42046821117401123,
    "pearsons": [
      0.7727726196758428,
      0.6814984413638565,
      0.6460404292975915,
      0.7236485386202627,
      0.6701301110204659
    ],
    "val_recons": [
      0.03898323327302933,
      0.03972550854086876,
      0.03511631488800049,
      0.03589145839214325,
      0.04119299724698067
    ],
    "d_ratios": [
      1.1376566295847992,
      1.347395633797235,
      2.52908192274957,
      2.614215123566035,
      1.9365186977771673
    ],
    "hf_fracs": [
      0.4270951747894287,
      0.41280922293663025,
      0.4201182425022125,
      0.4136528968811035,
      0.42866551876068115
    ]
  },
  "L1only_K5__portal": {
    "mean_p": 0.14513234375557607,
    "max_p": 0.20239969595288007,
    "std_p": 0.04957329959498491,
    "rho_val": -0.9999999999999999,
    "mean_d_ratio": 1.2347778080483323,
    "mean_hf": 0.8664161443710328,
    "pearsons": [
      0.08283833174914483,
      0.14824675459996534,
      0.09551209677278368,
      0.1966648397031064,
      0.20239969595288007
    ],
    "val_recons": [
      0.1368878036737442,
      0.12153401225805283,
      0.13455301523208618,
      0.11849620938301086,
      0.11261311173439026
    ],
    "d_ratios": [
      0.9992492657636222,
      1.3727762129456997,
      1.0009713959399438,
      1.3157299192819687,
      1.485162246310427
    ],
    "hf_fracs": [
      0.897946834564209,
      0.818679690361023,
      0.9103437662124634,
      0.824205219745636,
      0.8809052109718323
    ]
  },
  "L1only_K5__lv": {
    "mean_p": 0.7447490418809304,
    "max_p": 0.7903819220959604,
    "std_p": 0.028669531116177534,
    "rho_val": -0.3,
    "mean_d_ratio": 3.787941340450536,
    "mean_hf": 0.9376308917999268,
    "pearsons": [
      0.7903819220959604,
      0.7393735122911126,
      0.7157681714995052,
      0.762509344935994,
      0.7157122585820798
    ],
    "val_recons": [
      0.02717599645256996,
      0.02885187417268753,
      0.025206495076417923,
      0.024240976199507713,
      0.02728082425892353
    ],
    "d_ratios": [
      1.4738169521249653,
      1.8811396459936083,
      5.228131161290808,
      5.796282390591099,
      4.560336552252203
    ],
    "hf_fracs": [
      0.9395594596862793,
      0.9396551251411438,
      0.9410909414291382,
      0.9418493509292603,
      0.9259995818138123
    ]
  }
}