{
  "summary": {
    "K1": {
      "LV": {
        "pearson": {
          "n": 1,
          "mean": 0.416791891338744,
          "std": NaN,
          "ci_lo": NaN,
          "ci_hi": NaN,
          "max": 0.416791891338744,
          "min": 0.416791891338744
        },
        "d_ratio": {
          "n": 1,
          "mean": 1.0785476116674333,
          "std": NaN,
          "ci_lo": NaN,
          "ci_hi": NaN,
          "max": 1.0785476116674333,
          "min": 1.0785476116674333
        },
        "mean_pi_entropy": 0.0
      }
    },
    "K2": {
      "LV": {
        "pearson": {
          "n": 1,
          "mean": 0.3956052170919349,
          "std": NaN,
          "ci_lo": NaN,
          "ci_hi": NaN,
          "max": 0.3956052170919349,
          "min": 0.3956052170919349
        },
        "d_ratio": {
          "n": 1,
          "mean": 1.082453840498423,
          "std": NaN,
          "ci_lo": NaN,
          "ci_hi": NaN,
          "max": 1.082453840498423,
          "min": 1.082453840498423
        },
        "mean_pi_entropy": 0.6744158267974854
      }
    },
    "K3": {
      "LV": {
        "pearson": {
          "n": 1,
          "mean": 0.05636418969781483,
          "std": NaN,
          "ci_lo": NaN,
          "ci_hi": NaN,
          "max": 0.05636418969781483,
          "min": 0.05636418969781483
        },
        "d_ratio": {
          "n": 1,
          "mean": 1.0489210749088742,
          "std": NaN,
          "ci_lo": NaN,
          "ci_hi": NaN,
          "max": 1.0489210749088742,
          "min": 1.0489210749088742
        },
        "mean_pi_entropy": 1.0960910320281982
      }
    }
  },
  "raw": {
    "K1": {
      "LV": [
        {
          "seed": 42.0,
          "pearson": 0.416791891338744,
          "val_recon": 0.11312903463840485,
          "d_ratio": 1.0785476116674333,
          "final_pi_entropy": 0.0
        }
      ]
    },
    "K2": {
      "LV": [
        {
          "seed": 42.0,
          "pearson": 0.3956052170919349,
          "val_recon": 0.10951605439186096,
          "d_ratio": 1.082453840498423,
          "final_pi_entropy": 0.6744158267974854
        }
      ]
    },
    "K3": {
      "LV": [
        {
          "seed": 42.0,
          "pearson": 0.05636418969781483,
          "val_recon": 0.10904320329427719,
          "d_ratio": 1.0489210749088742,
          "final_pi_entropy": 1.0960910320281982
        }
      ]
    }
  }
}