{
  "best_epoch": 38,
  "best_val_score": 0.4682620406150818,
  "visible_rollout_rmse": 0.5380730032920837,
  "visible_rollout_mae": 0.3757481575012207,
  "visible_rollout_pearson": 0.08689485490322113,
  "hidden_recovery_rmse": 0.20536194741725922,
  "hidden_recovery_mae": 0.15529417991638184,
  "hidden_recovery_pearson": 0.7463085055351257,
  "hidden_prediction_std": 0.15731769800186157,
  "interaction_hidden_rmse": 0.08335797488689423,
  "interaction_full_rmse": 0.29854029417037964,
  "interaction_hidden_sign_accuracy": 1.0
}