{
  "best_epoch": 38,
  "best_val_score": 0.4072527334094048,
  "visible_rollout_rmse": 0.594470202922821,
  "visible_rollout_mae": 0.42251452803611755,
  "visible_rollout_pearson": -0.02046106941998005,
  "hidden_recovery_rmse": 0.16750377416610718,
  "hidden_recovery_mae": 0.1320485770702362,
  "hidden_recovery_pearson": 0.8226056694984436,
  "hidden_prediction_std": 0.2017965167760849,
  "interaction_hidden_rmse": 0.07151052355766296,
  "interaction_full_rmse": 0.288908988237381,
  "interaction_hidden_sign_accuracy": 1.0
}