{
  "真实系统参数摘要": {
    "model": "discrete_generalized_lv_ricker",
    "regime": "moderate_complexity_partial_observation",
    "visible_species": 5,
    "hidden_species": 1,
    "total_species": 6,
    "total_steps": 820,
    "warmup_steps": 160,
    "process_noise": 0.006,
    "seed": 42,
    "max_attempts": 512,
    "max_state_value": 5.5,
    "environment_ar": 0.97,
    "environment_sigma": 0.022,
    "pulse_decay": 0.87,
    "pulse_probability": 0.035,
    "growth_rates": [
      0.27971547842025757,
      0.22413988411426544,
      0.19976621866226196,
      0.32479608058929443,
      0.26251816749572754,
      0.1980419009923935
    ]
  },
  "相互作用矩阵": [
    [
      -0.2798193693161011,
      -0.3380451202392578,
      -0.12753960490226746,
      -0.09626032412052155,
      0.21500059962272644,
      -0.45950910449028015
    ],
    [
      0.41487765312194824,
      -0.3052327036857605,
      -0.27450042963027954,
      0.005684808827936649,
      0.12248329818248749,
      -0.0011411014711484313
    ],
    [
      0.18492074310779572,
      0.34508711099624634,
      -0.30290883779525757,
      -0.29638367891311646,
      -0.08493219316005707,
      0.3383166491985321
    ],
    [
      -0.016121838241815567,
      -0.01352929137647152,
      0.4032836854457855,
      -0.3251221776008606,
      -0.3656224310398102,
      -0.017122508957982063
    ],
    [
      -0.16914191842079163,
      -0.16413375735282898,
      0.028656169772148132,
      0.35469910502433777,
      -0.1957879662513733,
      -0.3290921449661255
    ],
    [
      0.16536538302898407,
      0.3398261070251465,
      -0.0060920435935258865,
      -0.3270092308521271,
      -0.013986955396831036,
      -0.32302069664001465
    ]
  ],
  "数据生成筛选指标": {
    "visible_std": [
      0.11148456484079361,
      0.30977877974510193,
      0.48649969696998596,
      0.4287368059158325,
      0.553342342376709
    ],
    "visible_range_ratio": [
      7.481726169586182,
      2.501146078109741,
      3.0861656665802,
      4.467273712158203,
      2.6642394065856934
    ],
    "visible_extrema_count": [
      3,
      22,
      23,
      23,
      37
    ],
    "visible_max_abs_corr": 0.5075840950012207,
    "visible_interval_cv": [
      1.0,
      2.8714210987091064,
      2.33697509765625,
      1.5917258262634277,
      2.0995867252349854
    ],
    "visible_peak_amplitude_cv": [
      1.0,
      0.3566148579120636,
      0.5171478390693665,
      0.570452094078064,
      0.328579843044281
    ],
    "visible_dominant_frequency_ratio": [
      0.28609606623649597,
      0.22975453734397888,
      0.1648785024881363,
      0.18154031038284302,
      0.17123976349830627
    ],
    "hidden_std": 0.2464148998260498,
    "hidden_range_ratio": 2.9961280822753906,
    "hidden_to_visible_effect": [
      2.470625877380371,
      0.0009065815829671919,
      0.15462465584278107,
      0.013470347970724106,
      0.1081259474158287
    ],
    "hidden_effect_visible_count": 2,
    "mixed_hidden_signs": true,
    "saturation_fraction": 0.06930894404649734,
    "too_flat": false,
    "too_periodic": false,
    "moderate_complexity": true,
    "too_spiky_internal": false,
    "growth_rates": [
      0.27971547842025757,
      0.22413988411426544,
      0.19976621866226196,
      0.32479608058929443,
      0.26251816749572754,
      0.1980419009923935
    ],
    "screening_passed": true,
    "selected_attempt": 1
  },
  "训练配置": {
    "data": {
      "history_length": 24,
      "delay_length": 6,
      "delay_stride": 2,
      "train_horizon": 18,
      "train_ratio": 0.6,
      "val_ratio": 0.2,
      "batch_size": 48,
      "num_workers": 0
    },
    "train": {
      "device": "cpu",
      "epochs": 40,
      "early_stopping_patience": 8,
      "learning_rate": 0.002,
      "weight_decay": 0.0001,
      "grad_clip": 1.0
    },
    "loss": {
      "lambda_visible_one_step": 1.0,
      "lambda_visible_rollout": 1.0,
      "lambda_hidden_initial": 0.8,
      "lambda_hidden_rollout": 1.2,
      "lambda_interaction_hidden": 0.18,
      "lambda_interaction_sparse": 0.0002,
      "lambda_hidden_smooth": 0.02,
      "lambda_residual": 0.0005
    },
    "models": {
      "shallow": {
        "delay_embedding_dim": 12,
        "context_dim": 32,
        "hidden_dim": 48,
        "encoder_layers": 2,
        "residual_layers": 2
      },
      "deep": {
        "delay_embedding_dim": 12,
        "context_dim": 32,
        "hidden_dim": 48,
        "encoder_layers": 5,
        "residual_layers": 5
      }
    }
  },
  "浅层模型测试指标": {
    "best_epoch": 38,
    "best_val_score": 0.4072527334094048,
    "visible_rollout_rmse": 0.594470202922821,
    "visible_rollout_mae": 0.42251452803611755,
    "visible_rollout_pearson": -0.02046106941998005,
    "hidden_recovery_rmse": 0.16750377416610718,
    "hidden_recovery_mae": 0.1320485770702362,
    "hidden_recovery_pearson": 0.8226056694984436,
    "hidden_prediction_std": 0.2017965167760849,
    "interaction_hidden_rmse": 0.07151052355766296,
    "interaction_full_rmse": 0.288908988237381,
    "interaction_hidden_sign_accuracy": 1.0
  },
  "深层模型测试指标": {
    "best_epoch": 38,
    "best_val_score": 0.4682620406150818,
    "visible_rollout_rmse": 0.5380730032920837,
    "visible_rollout_mae": 0.3757481575012207,
    "visible_rollout_pearson": 0.08689485490322113,
    "hidden_recovery_rmse": 0.20536194741725922,
    "hidden_recovery_mae": 0.15529417991638184,
    "hidden_recovery_pearson": 0.7463085055351257,
    "hidden_prediction_std": 0.15731769800186157,
    "interaction_hidden_rmse": 0.08335797488689423,
    "interaction_full_rmse": 0.29854029417037964,
    "interaction_hidden_sign_accuracy": 1.0
  },
  "hidden recovery 指标": {
    "shallow_rmse": 0.16750377416610718,
    "deep_rmse": 0.20536194741725922,
    "shallow_pearson": 0.8226056694984436,
    "deep_pearson": 0.7463085055351257
  },
  "visible rollout 指标": {
    "shallow_rmse": 0.594470202922821,
    "deep_rmse": 0.5380730032920837,
    "shallow_pearson": -0.02046106941998005,
    "deep_pearson": 0.08689485490322113
  },
  "data_regime_assessment": {
    "too_flat": false,
    "too_periodic": false,
    "moderate_complexity": true
  },
  "hidden_recovery_summary": {
    "shallow_hidden_rmse": 0.16750377416610718,
    "deep_hidden_rmse": 0.20536194741725922,
    "shallow_hidden_pearson": 0.8226056694984436,
    "deep_hidden_pearson": 0.7463085055351257,
    "better_model_for_hidden": "shallow"
  },
  "visible_rollout_summary": {
    "shallow_visible_rmse": 0.594470202922821,
    "deep_visible_rmse": 0.5380730032920837,
    "better_model_for_visible": "deep"
  },
  "bottleneck_judgement": "mixed",
  "是否深层更好": "深层模型有轻微提升，但不是决定性因素。",
  "深层模型行为判断": "深层模型更平滑、更保守，但没有改善 hidden recovery。",
  "对照简述": "visible RMSE: 0.5945 -> 0.5381, hidden RMSE: 0.1675 -> 0.2054",
  "当前瓶颈判断": "mixed"
}