{
  "rows": [
    {
      "seed": 42,
      "sign_chosen": "+1",
      "P_pos": 0.18520169724171517,
      "val_pos": 8.705795288085938,
      "d_pos": 22.383576219216096,
      "P_neg": 0.18131665928166482,
      "val_neg": 10.1167631149292,
      "d_neg": 40.63930545319405,
      "P_chosen": 0.18520169724171517,
      "val_chosen": 8.705795288085938,
      "d_chosen": 22.383576219216096
    }
  ]
}