{
  "summary": {
    "uniform": {
      "LV": {
        "pearson": {
          "n": 1,
          "mean": 0.416791891338744,
          "std": NaN,
          "ci_lo": NaN,
          "ci_hi": NaN,
          "max": 0.416791891338744,
          "min": 0.416791891338744
        },
        "d_ratio": {
          "n": 1,
          "mean": 1.0785476116674333,
          "std": NaN,
          "ci_lo": NaN,
          "ci_hi": NaN,
          "max": 1.0785476116674333,
          "min": 1.0785476116674333
        }
      }
    },
    "event_a1": {
      "LV": {
        "pearson": {
          "n": 1,
          "mean": 0.56711968009137,
          "std": NaN,
          "ci_lo": NaN,
          "ci_hi": NaN,
          "max": 0.56711968009137,
          "min": 0.56711968009137
        },
        "d_ratio": {
          "n": 1,
          "mean": 1.0756521291832228,
          "std": NaN,
          "ci_lo": NaN,
          "ci_hi": NaN,
          "max": 1.0756521291832228,
          "min": 1.0756521291832228
        }
      }
    }
  },
  "raw": {
    "uniform": {
      "LV": [
        {
          "seed": 42,
          "pearson": 0.416791891338744,
          "val_recon": 0.11312903463840485,
          "d_ratio": 1.0785476116674333
        }
      ]
    },
    "event_a1": {
      "LV": [
        {
          "seed": 42,
          "pearson": 0.56711968009137,
          "val_recon": 0.1401999145746231,
          "d_ratio": 1.0756521291832228
        }
      ]
    }
  }
}