{
  "run_name": "20260411_004141_partial_lv_hidden_environment_compare",
  "run_dir": "runs/20260411_004141_partial_lv_hidden_environment_compare",
  "readme_path": "runs/20260411_004141_partial_lv_hidden_environment_compare/README.md",
  "split_info": {
    "total_steps": 820,
    "train_steps": 492,
    "val_steps": 164,
    "test_steps": 164,
    "train_range": [
      0,
      492
    ],
    "val_range": [
      492,
      656
    ],
    "test_range": [
      656,
      820
    ]
  },
  "data_regime_assessment": {
    "too_flat": false,
    "too_periodic": false,
    "moderate_complexity": true,
    "label": "moderate_complexity"
  },
  "true_system_summary": {
    "model": "discrete_generalized_lv_ricker_with_hidden_and_environment",
    "regime": "moderate_complexity_partial_observation",
    "visible_species": 5,
    "hidden_species": 1,
    "environment_latents": 1,
    "total_species": 6,
    "total_steps": 820,
    "warmup_steps": 160,
    "process_noise": 0.006,
    "seed": 42,
    "max_attempts": 640,
    "max_state_value": 5.5,
    "environment_ar": 0.88,
    "pulse_decay": 0.82,
    "pulse_probability": 0.018,
    "growth_rates": [
      0.24177218973636627,
      0.18990838527679443,
      0.22667083144187927,
      0.27203840017318726,
      0.2850766181945801,
      0.15793786942958832
    ],
    "interaction_matrix": [
      [
        -0.26360180974006653,
        -0.24439826607704163,
        -0.10156480967998505,
        0.00353936105966568,
        0.19588609039783478,
        -0.5010250806808472
      ],
      [
        0.3458639979362488,
        -0.2299218326807022,
        -0.2016727477312088,
        -0.03327223286032677,
        0.009773408062756062,
        0.003858197946101427
      ],
      [
        0.011699329130351543,
        0.2431243360042572,
        -0.23117700219154358,
        -0.24549195170402527,
        -0.021430371329188347,
        0.38730674982070923
      ],
      [
        0.11120527237653732,
        -0.001607728423550725,
        0.3285475969314575,
        -0.20749348402023315,
        -0.24504727125167847,
        0.006663224659860134
      ],
      [
        -0.15056945383548737,
        -0.10629897564649582,
        0.02149820141494274,
        0.24485942721366882,
        -0.16604116559028625,
        -0.3676222562789917
      ],
      [
        0.1355312019586563,
        0.3842140734195709,
        0.0014309656107798219,
        -0.2516171932220459,
        0.02135704644024372,
        -0.21263441443443298
      ]
    ],
    "environment_loadings": [
      0.21683475375175476,
      -0.13348954916000366,
      0.13800756633281708,
      -0.08111544698476791,
      0.11386910080909729,
      0.04289165511727333
    ],
    "pulse_loadings": [
      0.11764422804117203,
      -0.09414545446634293,
      0.09991081058979034,
      0.05301889777183533,
      -0.09445853531360626,
      0.029630865901708603
    ],
    "diagnostics": {
      "visible_std": [
        0.41306689381599426,
        0.2473539263010025,
        0.5655511617660522,
        0.829932689666748,
        0.763561487197876
      ],
      "visible_range_ratio": [
        7.158468723297119,
        3.3634214401245117,
        3.1770243644714355,
        4.78663444519043,
        2.5547633171081543
      ],
      "visible_extrema_count": [
        12,
        14,
        33,
        12,
        40
      ],
      "visible_max_abs_corr": 0.5919036865234375,
      "visible_interval_cv": [
        0.9005619287490845,
        1.4143227338790894,
        1.9896845817565918,
        1.0098953247070312,
        1.8638774156570435
      ],
      "visible_peak_amplitude_cv": [
        0.4222736656665802,
        0.4995687007904053,
        0.48402535915374756,
        0.5120296478271484,
        0.42502686381340027
      ],
      "visible_dominant_frequency_ratio": [
        0.061731524765491486,
        0.10217689722776413,
        0.09218446910381317,
        0.07701339572668076,
        0.09304450452327728
      ],
      "hidden_std": 0.2920723259449005,
      "hidden_range_ratio": 3.057309150695801,
      "hidden_to_visible_effect": [
        0.7651693224906921,
        0.005351323168724775,
        0.2115633487701416,
        0.0032949040178209543,
        0.12110020965337753
      ],
      "hidden_effect_visible_count": 3,
      "mixed_hidden_signs": true,
      "environment_std": 0.5266474485397339,
      "environment_range": 2.4110984802246094,
      "environment_dominant_frequency_ratio": 0.1981276422739029,
      "environment_to_visible_effect": [
        0.11419547349214554,
        0.07030192762613297,
        0.07268133014440536,
        0.042719244956970215,
        0.059968870133161545
      ],
      "environment_effect_visible_count": 5,
      "saturation_fraction": 0.021138211712241173,
      "too_flat": false,
      "too_periodic": false,
      "moderate_complexity": true,
      "too_spiky_internal": false,
      "growth_rates": [
        0.24177218973636627,
        0.18990838527679443,
        0.22667083144187927,
        0.27203840017318726,
        0.2850766181945801,
        0.15793786942958832
      ],
      "screening_passed": true,
      "selected_attempt": 6
    }
  },
  "modelA_metrics": {
    "best_epoch": 24,
    "best_val_score": 0.35354008942842485,
    "sliding_window_visible_rmse": 1.1364392042160034,
    "sliding_window_visible_pearson": 0.061187367886304855,
    "full_context_visible_rmse": 0.8082438111305237,
    "full_context_visible_pearson": 0.010683020576834679,
    "hidden_rmse": 0.0661795362830162,
    "hidden_pearson": 0.9883056282997131,
    "peak_visible_error": 0.43832817673683167,
    "amplitude_collapse_score": 0.01968194916844368,
    "hidden_environment_correlation": 0.0,
    "interaction_hidden_sign_accuracy": 0.8333333134651184
  },
  "modelB_metrics": {
    "best_epoch": 5,
    "best_val_score": 0.4214121502637863,
    "sliding_window_visible_rmse": 0.8080366253852844,
    "sliding_window_visible_pearson": 0.10373742878437042,
    "full_context_visible_rmse": 0.8187500834465027,
    "full_context_visible_pearson": -0.02183360978960991,
    "hidden_rmse": 0.10029295831918716,
    "hidden_pearson": 0.9832869172096252,
    "peak_visible_error": 0.3846929967403412,
    "amplitude_collapse_score": 0.673849880695343,
    "hidden_environment_correlation": 0.9123309850692749,
    "interaction_hidden_sign_accuracy": 0.5
  },
  "comparison": {
    "better_for_hidden": "A",
    "better_for_visible_rollout": "B",
    "better_for_full_context": "similar"
  },
  "diagnosis": "hidden/environment entanglement",
  "explicit_conclusion": "显式建模 environment latent 带来的是有限改善，当前瓶颈仍然来自多类驱动分离与振幅保持的组合。 但预测塌向平线的问题仍未完全解决。"
}