{
  "run_name": "20260411_115901_partial_lv_lv_guided_stochastic_refined",
  "run_dir": "runs/20260411_115901_partial_lv_lv_guided_stochastic_refined",
  "readme_path": "runs/20260411_115901_partial_lv_lv_guided_stochastic_refined/README.md",
  "split_info": {
    "total_steps": 820,
    "train_steps": 492,
    "val_steps": 164,
    "test_steps": 164,
    "train_range": [
      0,
      492
    ],
    "val_range": [
      492,
      656
    ],
    "test_range": [
      656,
      820
    ]
  },
  "data_regime_assessment": {
    "too_flat": false,
    "too_periodic": false,
    "moderate_complexity": true,
    "label": "moderate_complexity"
  },
  "tested_noise_configs": [
    {
      "training_input_noise": 0.005,
      "training_rollout_noise": 0.01,
      "training_latent_perturb": 0.01,
      "validation_score": 0.4329987969303814,
      "visible_rmse": 0.5040668845176697,
      "full_context_visible_rmse": 0.6173276305198669,
      "amplitude_collapse": 0.7168686985969543,
      "hidden_rmse": 0.23940226435661316,
      "hidden_environment_correlation": 0.06205732747912407,
      "residual_dominates_fraction": 0.007716049362594883,
      "lv_residual_ratio_mean": 0.7290206551551819,
      "best_epoch": 4
    },
    {
      "training_input_noise": 0.005,
      "training_rollout_noise": 0.01,
      "training_latent_perturb": 0.02,
      "validation_score": 0.43524352153142293,
      "visible_rmse": 0.4954560697078705,
      "full_context_visible_rmse": 0.6897729635238647,
      "amplitude_collapse": 0.6544209122657776,
      "hidden_rmse": 0.17609383165836334,
      "hidden_environment_correlation": 0.06625605374574661,
      "residual_dominates_fraction": 0.14909122387568155,
      "lv_residual_ratio_mean": 0.7877439459164938,
      "best_epoch": 4
    },
    {
      "training_input_noise": 0.01,
      "training_rollout_noise": 0.01,
      "training_latent_perturb": 0.01,
      "validation_score": 0.5317597769449155,
      "visible_rmse": 0.5107737183570862,
      "full_context_visible_rmse": 0.6010953187942505,
      "amplitude_collapse": 0.6280996799468994,
      "hidden_rmse": 0.19161243736743927,
      "hidden_environment_correlation": 0.021780742332339287,
      "residual_dominates_fraction": 0.531335731347402,
      "lv_residual_ratio_mean": 1.024851123491923,
      "best_epoch": 3
    },
    {
      "training_input_noise": 0.01,
      "training_rollout_noise": 0.01,
      "training_latent_perturb": 0.02,
      "validation_score": 0.4326863152782122,
      "visible_rmse": 0.4973984658718109,
      "full_context_visible_rmse": 0.5675972104072571,
      "amplitude_collapse": 0.6819233894348145,
      "hidden_rmse": 0.1978403478860855,
      "hidden_environment_correlation": -0.181392639875412,
      "residual_dominates_fraction": 0.19941701491673788,
      "lv_residual_ratio_mean": 0.9089710712432861,
      "best_epoch": 4
    },
    {
      "training_input_noise": 0.005,
      "training_rollout_noise": 0.02,
      "training_latent_perturb": 0.01,
      "validation_score": 0.5542562310894331,
      "visible_rmse": 0.49185213446617126,
      "full_context_visible_rmse": 0.70735764503479,
      "amplitude_collapse": 0.6719532608985901,
      "hidden_rmse": 0.2263619601726532,
      "hidden_environment_correlation": 0.06590261310338974,
      "residual_dominates_fraction": 0.27614883581797284,
      "lv_residual_ratio_mean": 0.8791462182998657,
      "best_epoch": 3
    },
    {
      "training_input_noise": 0.005,
      "training_rollout_noise": 0.02,
      "training_latent_perturb": 0.02,
      "validation_score": 0.5139100629091262,
      "visible_rmse": 0.499019593000412,
      "full_context_visible_rmse": 0.5562788844108582,
      "amplitude_collapse": 0.6678487658500671,
      "hidden_rmse": 0.1620541214942932,
      "hidden_environment_correlation": 0.08874443173408508,
      "residual_dominates_fraction": 0.2322102189064026,
      "lv_residual_ratio_mean": 0.9323293169339498,
      "best_epoch": 3
    },
    {
      "training_input_noise": 0.01,
      "training_rollout_noise": 0.02,
      "training_latent_perturb": 0.01,
      "validation_score": 0.5238757241765658,
      "visible_rmse": 0.4923597574234009,
      "full_context_visible_rmse": 0.5108945369720459,
      "amplitude_collapse": 0.7542374730110168,
      "hidden_rmse": 0.2302824705839157,
      "hidden_environment_correlation": 0.03204476088285446,
      "residual_dominates_fraction": 0.3371056218942006,
      "lv_residual_ratio_mean": 0.9694794217745463,
      "best_epoch": 2
    },
    {
      "training_input_noise": 0.01,
      "training_rollout_noise": 0.02,
      "training_latent_perturb": 0.02,
      "validation_score": 0.5346177455410361,
      "visible_rmse": 0.496290922164917,
      "full_context_visible_rmse": 0.5651953816413879,
      "amplitude_collapse": 0.66808021068573,
      "hidden_rmse": 0.2090214490890503,
      "hidden_environment_correlation": 0.2667764723300934,
      "residual_dominates_fraction": 0.06288580223917961,
      "lv_residual_ratio_mean": 0.8413589596748352,
      "best_epoch": 3
    },
    {
      "training_input_noise": 0.005,
      "training_rollout_noise": 0.05,
      "training_latent_perturb": 0.01,
      "validation_score": 0.5131829652811091,
      "visible_rmse": 0.5012507438659668,
      "full_context_visible_rmse": 0.6027411222457886,
      "amplitude_collapse": 0.6755590438842773,
      "hidden_rmse": 0.19398750364780426,
      "hidden_environment_correlation": 0.019547464326024055,
      "residual_dominates_fraction": 0.052726337065299354,
      "lv_residual_ratio_mean": 0.8166938225428263,
      "best_epoch": 3
    },
    {
      "training_input_noise": 0.005,
      "training_rollout_noise": 0.05,
      "training_latent_perturb": 0.02,
      "validation_score": 0.5321807427704335,
      "visible_rmse": 0.5122269988059998,
      "full_context_visible_rmse": 0.5950999855995178,
      "amplitude_collapse": 0.6449405550956726,
      "hidden_rmse": 0.2105625718832016,
      "hidden_environment_correlation": 0.12358931452035904,
      "residual_dominates_fraction": 0.20670439302921295,
      "lv_residual_ratio_mean": 0.8892526229222616,
      "best_epoch": 3
    },
    {
      "training_input_noise": 0.01,
      "training_rollout_noise": 0.05,
      "training_latent_perturb": 0.01,
      "validation_score": 0.41165901273489,
      "visible_rmse": 0.48516955971717834,
      "full_context_visible_rmse": 0.5440409183502197,
      "amplitude_collapse": 0.7299755215644836,
      "hidden_rmse": 0.21116675436496735,
      "hidden_environment_correlation": -0.06539127230644226,
      "residual_dominates_fraction": 0.038323044776916504,
      "lv_residual_ratio_mean": 0.8234516978263855,
      "best_epoch": 4
    },
    {
      "training_input_noise": 0.01,
      "training_rollout_noise": 0.05,
      "training_latent_perturb": 0.02,
      "validation_score": 0.5184560629725457,
      "visible_rmse": 0.4958195090293884,
      "full_context_visible_rmse": 0.5707809925079346,
      "amplitude_collapse": 0.6996485590934753,
      "hidden_rmse": 0.2205762267112732,
      "hidden_environment_correlation": -0.07581425458192825,
      "residual_dominates_fraction": 0.04265260696411133,
      "lv_residual_ratio_mean": 0.8422613342603048,
      "best_epoch": 3
    }
  ],
  "selected_noise_config": {
    "training_input_noise": 0.01,
    "training_rollout_noise": 0.05,
    "training_latent_perturb": 0.01
  },
  "selected_noise_reason": "选中该配置是因为它在验证集上同时兼顾了 sliding-window 与 full-context 的 visible 误差，amplitude collapse 更低，hidden/environment correlation 更小，而且 residual 没有明显长期压过 LV。",
  "metrics": {
    "sliding_window_visible_rmse": 0.7936654090881348,
    "sliding_window_visible_pearson": 0.6617200374603271,
    "full_context_visible_rmse": 0.8074812293052673,
    "full_context_visible_pearson": 0.24213537573814392,
    "hidden_rmse": 0.1659523993730545,
    "hidden_pearson": 0.9020165801048279,
    "peak_visible_error": 0.27841493487358093,